detector,total_epochs,true_positives,false_positives,true_negatives,false_negatives,accuracy,precision,recall,f1_score,mcc,detection_rate,false_alarm_rate,mean_latency_s,median_latency_s,max_latency_s,intervals_detected,total_intervals
d1_raimdetector,14400,6315,240,6702,1143,0.9039583333333333,0.9633867276887872,0.8467417538213998,0.9013059302076644,0.8149245351607688,0.8467417538213998,0.03457216940363008,1.8421052631578947,0.0,25.0,19,23
d5_combineddetector,14400,29,23,6919,7429,0.4825,0.5576923076923077,0.0038884419415392865,0.007723035952063914,0.004792169527303994,0.0038884419415392865,0.003313166234514549,22.636363636363637,2.0,207.0,11,23
d6_dopplerconsistencydetector,14400,6377,388,6554,1081,0.8979861111111112,0.9426459719142646,0.855054974524001,0.8967165858117133,0.800111670162679,0.855054974524001,0.055891673869201956,2.3684210526315788,0.0,23.0,19,23
